<?xml version="1.0" encoding="UTF-8"?><?xml-stylesheet type='text/xsl' href='_UpgradeReport_Files/UpgradeReport.xslt'?><UpgradeLog>
<Properties><Property Name="Solution" Value="ClassSimpleExample2">
</Property><Property Name="Solution File" Value="C:\Gadi_Rosen\C#\C#_Course_Lectures_Programs\מצגות ומערכי שיעור\C#_Course\C#_Net_Part2\08 - Encapsulation\ClassSimpleExample2 - תוכנית22\ClassSimpleExample2.sln">
</Property><Property Name="User Options File" Value="C:\Gadi_Rosen\C#\C#_Course_Lectures_Programs\מצגות ומערכי שיעור\C#_Course\C#_Net_Part2\08 - Encapsulation\ClassSimpleExample2 - תוכנית22\ClassSimpleExample2.suo">
</Property><Property Name="Date" Value="יום רביעי 28 דצמבר 2016">
</Property><Property Name="Time" Value="12:05">
</Property></Properties><Event ErrorLevel="0" Project="" Source="ClassSimpleExample2.sln" Description="File successfully backed up as C:\Gadi_Rosen\C#\C#_Course_Lectures_Programs\מצגות ומערכי שיעור\C#_Course\C#_Net_Part2\08 - Encapsulation\ClassSimpleExample2 - תוכנית22\Backup\ClassSimpleExample2.sln">
</Event><Event ErrorLevel="0" Project="" Source="ClassSimpleExample2.suo" Description="File successfully backed up as C:\Gadi_Rosen\C#\C#_Course_Lectures_Programs\מצגות ומערכי שיעור\C#_Course\C#_Net_Part2\08 - Encapsulation\ClassSimpleExample2 - תוכנית22\Backup\ClassSimpleExample2.suo">
</Event><Event ErrorLevel="0" Project="ClassSimpleExample2" Source="ClassSimpleExample2\ClassSimpleExample2.csproj" Description="Project file successfully backed up as C:\Gadi_Rosen\C#\C#_Course_Lectures_Programs\מצגות ומערכי שיעור\C#_Course\C#_Net_Part2\08 - Encapsulation\ClassSimpleExample2 - תוכנית22\Backup\ClassSimpleExample2\ClassSimpleExample2.csproj">
</Event><Event ErrorLevel="0" Project="ClassSimpleExample2" Source="ClassSimpleExample2\Program.cs" Description="File successfully backed up as C:\Gadi_Rosen\C#\C#_Course_Lectures_Programs\מצגות ומערכי שיעור\C#_Course\C#_Net_Part2\08 - Encapsulation\ClassSimpleExample2 - תוכנית22\Backup\ClassSimpleExample2\Program.cs">
</Event><Event ErrorLevel="0" Project="ClassSimpleExample2" Source="ClassSimpleExample2\Properties\AssemblyInfo.cs" Description="File successfully backed up as C:\Gadi_Rosen\C#\C#_Course_Lectures_Programs\מצגות ומערכי שיעור\C#_Course\C#_Net_Part2\08 - Encapsulation\ClassSimpleExample2 - תוכנית22\Backup\ClassSimpleExample2\Properties\AssemblyInfo.cs">
</Event><Event ErrorLevel="0" Project="ClassSimpleExample2" Source="ClassSimpleExample2\ClassSimpleExample2.csproj" Description="Project converted successfully">
</Event><Event ErrorLevel="3" Project="ClassSimpleExample2" Source="ClassSimpleExample2\ClassSimpleExample2.csproj" Description="Converted">
</Event><Event ErrorLevel="0" Project="" Source="ClassSimpleExample2.sln" Description="Solution converted successfully">
</Event><Event ErrorLevel="3" Project="" Source="ClassSimpleExample2.sln" Description="Converted">
</Event><Event ErrorLevel="0" Project="ClassSimpleExample2" Source="ClassSimpleExample2\ClassSimpleExample2.csproj" Description="Scan complete: Upgrade not required for project files.">
</Event></UpgradeLog>