<?xml version="1.0" encoding="UTF-8"?><?xml-stylesheet type='text/xsl' href='_UpgradeReport_Files/UpgradeReport.xslt'?><UpgradeLog>
<Properties><Property Name="Solution" Value="ClassSimpleExample">
</Property><Property Name="Solution File" Value="C:\Gadi_Rosen\C#\C#_Course_Lectures_Programs\מצגות ומערכי שיעור\C#_Course\C#_Net_Part2\08 - Encapsulation\ClassSimpleExampl - תוכנית21\ClassSimpleExample.sln">
</Property><Property Name="User Options File" Value="C:\Gadi_Rosen\C#\C#_Course_Lectures_Programs\מצגות ומערכי שיעור\C#_Course\C#_Net_Part2\08 - Encapsulation\ClassSimpleExampl - תוכנית21\ClassSimpleExample.suo">
</Property><Property Name="Date" Value="יום שלישי 27 דצמבר 2016">
</Property><Property Name="Time" Value="21:18">
</Property></Properties><Event ErrorLevel="0" Project="" Source="ClassSimpleExample.sln" Description="File successfully backed up as C:\Gadi_Rosen\C#\C#_Course_Lectures_Programs\מצגות ומערכי שיעור\C#_Course\C#_Net_Part2\08 - Encapsulation\ClassSimpleExampl - תוכנית21\Backup\ClassSimpleExample.sln">
</Event><Event ErrorLevel="0" Project="" Source="ClassSimpleExample.suo" Description="File successfully backed up as C:\Gadi_Rosen\C#\C#_Course_Lectures_Programs\מצגות ומערכי שיעור\C#_Course\C#_Net_Part2\08 - Encapsulation\ClassSimpleExampl - תוכנית21\Backup\ClassSimpleExample.suo">
</Event><Event ErrorLevel="0" Project="ClassSimpleExample" Source="ClassSimpleExample\ClassSimpleExample.csproj" Description="Project file successfully backed up as C:\Gadi_Rosen\C#\C#_Course_Lectures_Programs\מצגות ומערכי שיעור\C#_Course\C#_Net_Part2\08 - Encapsulation\ClassSimpleExampl - תוכנית21\Backup\ClassSimpleExample\ClassSimpleExample.csproj">
</Event><Event ErrorLevel="0" Project="ClassSimpleExample" Source="ClassSimpleExample\Program.cs" Description="File successfully backed up as C:\Gadi_Rosen\C#\C#_Course_Lectures_Programs\מצגות ומערכי שיעור\C#_Course\C#_Net_Part2\08 - Encapsulation\ClassSimpleExampl - תוכנית21\Backup\ClassSimpleExample\Program.cs">
</Event><Event ErrorLevel="0" Project="ClassSimpleExample" Source="ClassSimpleExample\Properties\AssemblyInfo.cs" Description="File successfully backed up as C:\Gadi_Rosen\C#\C#_Course_Lectures_Programs\מצגות ומערכי שיעור\C#_Course\C#_Net_Part2\08 - Encapsulation\ClassSimpleExampl - תוכנית21\Backup\ClassSimpleExample\Properties\AssemblyInfo.cs">
</Event><Event ErrorLevel="0" Project="ClassSimpleExample" Source="ClassSimpleExample\ClassSimpleExample.csproj" Description="Project converted successfully">
</Event><Event ErrorLevel="3" Project="ClassSimpleExample" Source="ClassSimpleExample\ClassSimpleExample.csproj" Description="Converted">
</Event><Event ErrorLevel="0" Project="" Source="ClassSimpleExample.sln" Description="Solution converted successfully">
</Event><Event ErrorLevel="3" Project="" Source="ClassSimpleExample.sln" Description="Converted">
</Event><Event ErrorLevel="0" Project="ClassSimpleExample" Source="ClassSimpleExample\ClassSimpleExample.csproj" Description="Scan complete: Upgrade not required for project files.">
</Event></UpgradeLog>