<?xml version="1.0" encoding="UTF-8"?><?xml-stylesheet type='text/xsl' href='_UpgradeReport_Files/UpgradeReport.xslt'?><UpgradeLog>
<Properties><Property Name="Solution" Value="ClassSimpleExample3">
</Property><Property Name="Solution File" Value="C:\Gadi_Rosen\C#\C#_Course_Lectures_Programs\מצגות ומערכי שיעור\C#_Course\C#_Net_Part2\08 - Encapsulation\ClassSimpleExample3 - תוכנית23\ClassSimpleExample3.sln">
</Property><Property Name="User Options File" Value="C:\Gadi_Rosen\C#\C#_Course_Lectures_Programs\מצגות ומערכי שיעור\C#_Course\C#_Net_Part2\08 - Encapsulation\ClassSimpleExample3 - תוכנית23\ClassSimpleExample3.suo">
</Property><Property Name="Date" Value="יום רביעי 04 ינואר 2017">
</Property><Property Name="Time" Value="11:33">
</Property></Properties><Event ErrorLevel="0" Project="" Source="ClassSimpleExample3.sln" Description="File successfully backed up as C:\Gadi_Rosen\C#\C#_Course_Lectures_Programs\מצגות ומערכי שיעור\C#_Course\C#_Net_Part2\08 - Encapsulation\ClassSimpleExample3 - תוכנית23\Backup\ClassSimpleExample3.sln">
</Event><Event ErrorLevel="0" Project="" Source="ClassSimpleExample3.suo" Description="File successfully backed up as C:\Gadi_Rosen\C#\C#_Course_Lectures_Programs\מצגות ומערכי שיעור\C#_Course\C#_Net_Part2\08 - Encapsulation\ClassSimpleExample3 - תוכנית23\Backup\ClassSimpleExample3.suo">
</Event><Event ErrorLevel="0" Project="ClassSimpleExample3" Source="ClassSimpleExample3\ClassSimpleExample3.csproj" Description="Project file successfully backed up as C:\Gadi_Rosen\C#\C#_Course_Lectures_Programs\מצגות ומערכי שיעור\C#_Course\C#_Net_Part2\08 - Encapsulation\ClassSimpleExample3 - תוכנית23\Backup\ClassSimpleExample3\ClassSimpleExample3.csproj">
</Event><Event ErrorLevel="0" Project="ClassSimpleExample3" Source="ClassSimpleExample3\Program.cs" Description="File successfully backed up as C:\Gadi_Rosen\C#\C#_Course_Lectures_Programs\מצגות ומערכי שיעור\C#_Course\C#_Net_Part2\08 - Encapsulation\ClassSimpleExample3 - תוכנית23\Backup\ClassSimpleExample3\Program.cs">
</Event><Event ErrorLevel="0" Project="ClassSimpleExample3" Source="ClassSimpleExample3\Properties\AssemblyInfo.cs" Description="File successfully backed up as C:\Gadi_Rosen\C#\C#_Course_Lectures_Programs\מצגות ומערכי שיעור\C#_Course\C#_Net_Part2\08 - Encapsulation\ClassSimpleExample3 - תוכנית23\Backup\ClassSimpleExample3\Properties\AssemblyInfo.cs">
</Event><Event ErrorLevel="0" Project="ClassSimpleExample3" Source="ClassSimpleExample3\ClassSimpleExample3.csproj" Description="Project converted successfully">
</Event><Event ErrorLevel="3" Project="ClassSimpleExample3" Source="ClassSimpleExample3\ClassSimpleExample3.csproj" Description="Converted">
</Event><Event ErrorLevel="0" Project="" Source="ClassSimpleExample3.sln" Description="Solution converted successfully">
</Event><Event ErrorLevel="3" Project="" Source="ClassSimpleExample3.sln" Description="Converted">
</Event><Event ErrorLevel="0" Project="ClassSimpleExample3" Source="ClassSimpleExample3\ClassSimpleExample3.csproj" Description="Scan complete: Upgrade not required for project files.">
</Event></UpgradeLog>