<?xml version="1.0" encoding="UTF-8"?><?xml-stylesheet type='text/xsl' href='_UpgradeReport_Files/UpgradeReport.xslt'?><UpgradeLog>
<Properties><Property Name="Solution" Value="Jagged Array">
</Property><Property Name="Solution File" Value="C:\Gadi_Rosen\C#\C#_Course_Lectures_Programs\C#_Programs\Jagged Array\Jagged Array.sln">
</Property><Property Name="User Options File" Value="C:\Gadi_Rosen\C#\C#_Course_Lectures_Programs\C#_Programs\Jagged Array\Jagged Array.suo">
</Property><Property Name="Date" Value="יום שישי 30 ספטמבר 2016">
</Property><Property Name="Time" Value="00:25">
</Property></Properties><Event ErrorLevel="0" Project="" Source="Jagged Array.sln" Description="File successfully backed up as C:\Gadi_Rosen\C#\C#_Course_Lectures_Programs\C#_Programs\Jagged Array\Backup\Jagged Array.sln">
</Event><Event ErrorLevel="0" Project="" Source="Jagged Array.suo" Description="File successfully backed up as C:\Gadi_Rosen\C#\C#_Course_Lectures_Programs\C#_Programs\Jagged Array\Backup\Jagged Array.suo">
</Event><Event ErrorLevel="0" Project="Jagged Array" Source="Jagged Array.csproj" Description="Project file successfully backed up as C:\Gadi_Rosen\C#\C#_Course_Lectures_Programs\C#_Programs\Jagged Array\Backup\Jagged Array.csproj">
</Event><Event ErrorLevel="0" Project="Jagged Array" Source="Jagged Array.csproj.user" Description="Project user file successfully backed up as C:\Gadi_Rosen\C#\C#_Course_Lectures_Programs\C#_Programs\Jagged Array\Backup\Jagged Array.csproj.user">
</Event><Event ErrorLevel="0" Project="Jagged Array" Source="AssemblyInfo.cs" Description="File successfully backed up as C:\Gadi_Rosen\C#\C#_Course_Lectures_Programs\C#_Programs\Jagged Array\Backup\AssemblyInfo.cs">
</Event><Event ErrorLevel="0" Project="Jagged Array" Source="JaggedArray.cs" Description="File successfully backed up as C:\Gadi_Rosen\C#\C#_Course_Lectures_Programs\C#_Programs\Jagged Array\Backup\JaggedArray.cs">
</Event><Event ErrorLevel="0" Project="Jagged Array" Source="Jagged Array.csproj" Description="Project converted successfully">
</Event><Event ErrorLevel="3" Project="Jagged Array" Source="Jagged Array.csproj" Description="Converted">
</Event><Event ErrorLevel="0" Project="" Source="Jagged Array.sln" Description="Solution converted successfully">
</Event><Event ErrorLevel="3" Project="" Source="Jagged Array.sln" Description="Converted">
</Event><Event ErrorLevel="0" Project="Jagged Array" Source="Jagged Array.csproj" Description="Scan complete: Upgrade not required for project files.">
</Event></UpgradeLog>