<?xml version="1.0" encoding="UTF-8"?><?xml-stylesheet type='text/xsl' href='_UpgradeReport_Files/UpgradeReport.xslt'?><UpgradeLog>
<Properties><Property Name="Solution" Value="Jagged Array">
</Property><Property Name="Solution File" Value="C:\Gadi_Rosen\C#\C#_Course_Lectures_Programs\מצגות ומערכי שיעור\C#_Course\C#_Net_Part1\06 - Arrays\JaggedArray - תוכנית20\Jagged Array.sln">
</Property><Property Name="User Options File" Value="C:\Gadi_Rosen\C#\C#_Course_Lectures_Programs\מצגות ומערכי שיעור\C#_Course\C#_Net_Part1\06 - Arrays\JaggedArray - תוכנית20\Jagged Array.suo">
</Property><Property Name="Date" Value="שבת 06 ינואר 2018">
</Property><Property Name="Time" Value="23:00">
</Property><Property Name="Log Number" Value="2">
</Property></Properties><Event ErrorLevel="0" Project="" Source="Jagged Array.sln" Description="File successfully backed up as C:\Gadi_Rosen\C#\C#_Course_Lectures_Programs\מצגות ומערכי שיעור\C#_Course\C#_Net_Part1\06 - Arrays\JaggedArray - תוכנית20\Backup1\Jagged Array.sln">
</Event><Event ErrorLevel="0" Project="" Source="Jagged Array.suo" Description="File successfully backed up as C:\Gadi_Rosen\C#\C#_Course_Lectures_Programs\מצגות ומערכי שיעור\C#_Course\C#_Net_Part1\06 - Arrays\JaggedArray - תוכנית20\Backup1\Jagged Array.suo">
</Event><Event ErrorLevel="0" Project="Jagged Array" Source="Jagged Array.csproj" Description="Project file successfully backed up as C:\Gadi_Rosen\C#\C#_Course_Lectures_Programs\מצגות ומערכי שיעור\C#_Course\C#_Net_Part1\06 - Arrays\JaggedArray - תוכנית20\Backup1\Jagged Array.csproj">
</Event><Event ErrorLevel="0" Project="Jagged Array" Source="Jagged Array.csproj.user" Description="Project user file successfully backed up as C:\Gadi_Rosen\C#\C#_Course_Lectures_Programs\מצגות ומערכי שיעור\C#_Course\C#_Net_Part1\06 - Arrays\JaggedArray - תוכנית20\Backup1\Jagged Array.csproj.user">
</Event><Event ErrorLevel="0" Project="Jagged Array" Source="AssemblyInfo.cs" Description="File successfully backed up as C:\Gadi_Rosen\C#\C#_Course_Lectures_Programs\מצגות ומערכי שיעור\C#_Course\C#_Net_Part1\06 - Arrays\JaggedArray - תוכנית20\Backup1\AssemblyInfo.cs">
</Event><Event ErrorLevel="0" Project="Jagged Array" Source="JaggedArray.cs" Description="File successfully backed up as C:\Gadi_Rosen\C#\C#_Course_Lectures_Programs\מצגות ומערכי שיעור\C#_Course\C#_Net_Part1\06 - Arrays\JaggedArray - תוכנית20\Backup1\JaggedArray.cs">
</Event><Event ErrorLevel="1" Project="Jagged Array" Source="Jagged Array.csproj" Description="Your project is targeting .NET Framework 2.0 or 3.0. If your project uses assemblies requiring a newer .NET Framework, your project will fail to build. You can change the .NET Framework version by clicking Properties on the project menu and then selecting a new version in the '.NET Framework' dropdown box. (In Visual Basic, this is located on the Compile tab by clicking the 'Advanced Compiler Options...' button.)">
</Event><Event ErrorLevel="0" Project="Jagged Array" Source="Jagged Array.csproj" Description="Project converted successfully">
</Event><Event ErrorLevel="3" Project="Jagged Array" Source="Jagged Array.csproj" Description="Converted">
</Event><Event ErrorLevel="0" Project="" Source="Jagged Array.sln" Description="Solution converted successfully">
</Event><Event ErrorLevel="3" Project="" Source="Jagged Array.sln" Description="Converted">
</Event><Event ErrorLevel="0" Project="Jagged Array" Source="Jagged Array.csproj" Description="Scan complete: Upgrade not required for project files.">
</Event></UpgradeLog>